{"cameraMode":{"drawMode":0,"name":"Shaded","section":"Shading Mode"},"sceneLighting":true,"audioPlay":false,"sceneViewState":{"m_AlwaysRefresh":false,"showFog":true,"showSkybox":true,"showFlares":true,"showImageEffects":true,"showParticleSystems":true,"showVisualEffectGraphs":true,"m_FxEnabled":false},"in2DMode":false,"pivot":{"x":-0.7123444676399231,"y":1.2480992078781129,"z":-0.005688507109880447},"rotation":{"x":-0.09016307443380356,"y":-0.023305632174015046,"z":0.0021113515831530096,"w":-0.9956601858139038},"size":0.8660253882408142,"orthographic":false}